http://syfree.chinesegamer.net/sy1_1_1.asp	系統需求
http://syfree.chinesegamer.net/sy1_1_2.asp	人物設定
http://syfree.chinesegamer.net/sy1_1_3_1.asp	主遊戲介面說明
http://syfree.chinesegamer.net/sy1_1_3_2.asp	主操作介面說明
http://syfree.chinesegamer.net/sy1_2_1.asp	入門首部曲
http://syfree.chinesegamer.net/sy1_2_2.asp	入門二部曲
http://syfree.chinesegamer.net/sy1_2_3.asp	入門三部曲
http://syfree.chinesegamer.net/sy1_2_4.asp	義士速成攻略
http://syfree.chinesegamer.net/sy1_2_5.asp	侍女速成攻略
http://syfree.chinesegamer.net/sy1_2_6.asp	道士速成攻略
http://syfree.chinesegamer.net/sy1_2_7.asp	巫女速成功略
http://syfree.chinesegamer.net/sy1_2_8.asp	辯士速成攻略
http://syfree.chinesegamer.net/sy1_2_9.asp	美女速成攻略
http://syfree.chinesegamer.net/sy1_2_10.asp	熱鍵指令
http://syfree.chinesegamer.net/sy1_2_11.asp	提升等級與屬性
http://syfree.chinesegamer.net/sy2_1_1.asp	義士 仕女
http://syfree.chinesegamer.net/sy2_1_2.asp	道士 巫女
http://syfree.chinesegamer.net/sy2_1_3.asp	辯士 美女
http://syfree.chinesegamer.net/sy2_1_4.asp	人物屬性
http://syfree.chinesegamer.net/sy2_2_1.asp	技能的型態
http://syfree.chinesegamer.net/sy2_2_2.asp	技能必備工具
http://syfree.chinesegamer.net/sy2_2_3.asp	工作相關場景
http://syfree.chinesegamer.net/sy2_2_4.asp	天地商行
http://syfree.chinesegamer.net/sy2_2_5.asp	大宗師合成術
http://syfree.chinesegamer.net/sy2_3_1.asp	天災的種類
http://syfree.chinesegamer.net/sy2_3_2.asp	天災的影響及預防
http://syfree.chinesegamer.net/sy2_3_3.asp	救災指導原則
http://syfree.chinesegamer.net/sy2_4_1.asp	坐騎基本說明
http://syfree.chinesegamer.net/sy2_4_2.asp	馴馬大全
http://syfree.chinesegamer.net/sy2_4_3.asp	騎馬打仗
http://syfree.chinesegamer.net/sy2_4_4.asp	坐騎繁衍
http://syfree.chinesegamer.net/sy2_4_5.asp	進階坐騎
http://syfree.chinesegamer.net/sy2_4_6.asp	坐騎死亡
http://syfree.chinesegamer.net/sy2_4_7.asp	馬戰功能
http://syfree.chinesegamer.net/sy2_5_1.asp	何謂戰騎
http://syfree.chinesegamer.net/sy2_5_2.asp	戰騎屬性與升級
http://syfree.chinesegamer.net/sy2_5_3.asp	戰騎特技
http://syfree.chinesegamer.net/sy2_5_4.asp	戰騎配點指引
http://syfree.chinesegamer.net/sy2_5_5.asp	戰騎配點簡易指南
http://syfree.chinesegamer.net/sy2_5_6.asp	戰騎交易
http://syfree.chinesegamer.net/sy2_5_7.asp	戰騎pk
http://syfree.chinesegamer.net/sy2_6_1.asp	登用條件說明
http://syfree.chinesegamer.net/sy2_6_2.asp	登用規則說明
http://syfree.chinesegamer.net/sy2_6_3.asp	登用操作指令
http://syfree.chinesegamer.net/sy2_6_4.asp	登用武將特技
http://syfree.chinesegamer.net/sy2_6_5.asp	登用人才打國戰
http://syfree.chinesegamer.net/sy2_6_6.asp	贈與武將寶物
http://syfree.chinesegamer.net/sy2_7_1.asp	結婚流程大公開
http://syfree.chinesegamer.net/sy2_7_2.asp	結婚任務初出爐
http://syfree.chinesegamer.net/sy2_7_3.asp	婚禮籌備首部曲
http://syfree.chinesegamer.net/sy2_7_4.asp	婚禮籌備二部曲
http://syfree.chinesegamer.net/sy2_7_5.asp	婚禮儀是正式進行
http://syfree.chinesegamer.net/sy2_7_6.asp	婚後生活與離異機制
http://syfree.chinesegamer.net/sy2_8_1.asp	經營之路
http://syfree.chinesegamer.net/sy2_8_2.asp	如何成立義勇軍
http://syfree.chinesegamer.net/sy2_8_3.asp	提升名聲與頭銜
http://syfree.chinesegamer.net/sy2_8_4.asp	初級頭銜大公開
http://syfree.chinesegamer.net/sy2_8_5.asp	管理制度
http://syfree.chinesegamer.net/sy2_8_6.asp	營地建設
http://syfree.chinesegamer.net/sy2_8_7.asp	設施說明
http://syfree.chinesegamer.net/sy2_8_8.asp	義勇軍工作項目
http://syfree.chinesegamer.net/sy2_8_9.asp	義勇軍旗幟
http://syfree.chinesegamer.net/sy2_8_10.asp	內政指令
http://syfree.chinesegamer.net/sy2_8_11.asp	戶政指令
http://syfree.chinesegamer.net/sy2_8_12.asp	救災指令
http://wiki2.gamer.com.tw/new.php?n=4725:免費制攻略	賞罰指令
http://syfree.chinesegamer.net/sy2_8_14.asp	民心指數升降
http://syfree.chinesegamer.net/sy2_8_15.asp	民心功能獎懲
http://syfree.chinesegamer.net/sy2_9_1.asp	攻防型態
http://syfree.chinesegamer.net/sy2_9_2.asp	pk管理原則
http://syfree.chinesegamer.net/sy2_9_3.asp	討伐程遠志
http://syfree.chinesegamer.net/sy2_9_4.asp	三公之戰
http://syfree.chinesegamer.net/sy2_9_5.asp	長阪坡戰役
http://syfree.chinesegamer.net/sy2_9_6.asp	赤壁之戰
http://syfree.chinesegamer.net/sy2_9_7.asp	四都之戰
http://syfree.chinesegamer.net/sy2_9_8.asp	潼關之戰
http://syfree.chinesegamer.net/sy2_9_9.asp	夷陵之戰
http://syfree.chinesegamer.net/sy2_9_10.asp	何為國戰
http://syfree.chinesegamer.net/sy2_9_11.asp	如何參加國戰
http://syfree.chinesegamer.net/sy2_9_12.asp	國戰規則
http://syfree.chinesegamer.net/sy2_9_13.asp	作戰相關規則
http://syfree.chinesegamer.net/sy2_9_14.asp	兵種屬性介紹
http://syfree.chinesegamer.net/sy2_9_15.asp	兵種特技介紹
http://syfree.chinesegamer.net/sy2_9_16.asp	兵種指令介紹
http://syfree.chinesegamer.net/sy2_9_17.asp	技策指令與耗損
http://syfree.chinesegamer.net/sy2_9_18.asp	完全教戰手冊
http://syfree.chinesegamer.net/sy2_9_19.asp	帶兵量上限分配
http://syfree.chinesegamer.net/sy2_9_20.asp	軍功系統
http://syfree.chinesegamer.net/sy2_9_21.asp	善惡制度機制
http://syfree.chinesegamer.net/sy2_9_22.asp	善惡特技
http://syfree.chinesegamer.net/sy2_9_23.asp	城池相關法令
http://syfree.chinesegamer.net/sy2_9_24.asp	死亡處分
http://syfree.chinesegamer.net/sy2_10_1.asp	初階武器
http://syfree.chinesegamer.net/sy2_10_2.asp	進階武器
http://syfree.chinesegamer.net/sy2_10_3.asp	初階防具
http://syfree.chinesegamer.net/sy2_10_4.asp	進階防具
http://syfree.chinesegamer.net/sy2_10_5.asp	神奇寶石
http://syfree.chinesegamer.net/sy2_10_6.asp	法術用書
http://syfree.chinesegamer.net/sy2_11_1.asp	城池風光
http://syfree.chinesegamer.net/sy2_11_2.asp	城內導覽
http://syfree.chinesegamer.net/sy2_11_3.asp	迷宮地圖
http://syfree.chinesegamer.net/sy2_11_4.asp	義勇軍設施
http://syfree.chinesegamer.net/sy2_12_1.asp	好漢坡
http://syfree.chinesegamer.net/sy2_12_2.asp	怪物大全
http://syfree.chinesegamer.net/sy2_13_1.asp	三轉任務大解密
http://syfree.chinesegamer.net/sy2_13_2.asp	三轉職業透析鏡
http://syfree.chinesegamer.net/sy2_14.asp	三國大福神
http://syfree.chinesegamer.net/sy2_15.asp	虛寶教學
http://syfree.chinesegamer.net/sy3_1.asp	新手任務
http://syfree.chinesegamer.net/sy3_2.asp	一般任務
http://syfree.chinesegamer.net/sy3_3.asp	官令任務
http://syfree.chinesegamer.net/sy3_4.asp	團體任務
http://syfree.chinesegamer.net/sy3_5.asp	歷史任務
http://syfree.chinesegamer.net/sy3_6_1.asp	一招
http://syfree.chinesegamer.net/sy3_6_2.asp	二招
http://syfree.chinesegamer.net/sy3_6_3.asp	三招
http://syfree.chinesegamer.net/sy3_6_4.asp	四招
http://syfree.chinesegamer.net/sy3_6_5.asp	五招
http://syfree.chinesegamer.net/sy3_6_6.asp	六招
http://syfree.chinesegamer.net/sy3_7.asp	特技絕招
http://syfree.chinesegamer.net/sy3_8.asp	戰役任務
http://syfree.chinesegamer.net/sy3_9_1.asp	國戰專長任務
http://syfree.chinesegamer.net/sy3_9_2.asp	一般專長任務
http://syfree.chinesegamer.net/sy3_10_1.asp	桃花渡
http://syfree.chinesegamer.net/sy3_10_2.asp	黑山寨
http://syfree.chinesegamer.net/sy3_10_3.asp	安定戰場
http://syfree.chinesegamer.net/sy3_10_4.asp	通天關
http://syfree.chinesegamer.net/sy3_10_5.asp	雪山
http://syfree.chinesegamer.net/sy3_10_6.asp	七彩奪寶陣
http://syfree.chinesegamer.net/sy3_10_7.asp	異族禁地
http://syfree.chinesegamer.net/sy4_3.asp	購買道具流程
http://syfree.chinesegamer.net/sy4_1.asp	熱銷商品
http://syfree.chinesegamer.net/sy4_1.asp?go=1&cla=10	最新寶物